Epitope,Epitope,Epitope,Epitope,Epitope,Epitope,Epitope,Epitope,Epitope,Epitope,Epitope,Epitope,Epitope,Epitope,Epitope,Epitope,Epitope,Related Object,Related Object,Related Object,Related Object,Related Object,Related Object,Related Object,Related Object,Related Object,Related Object,Related Object
Epitope ID,Object Type,Description,Epitope Modified Residue(s),Epitope Modification(s),Starting Position,Ending Position,Non-peptidic epitope Accession,Epitope Synonyms,Antigen Name,Antigen Accession,Parent Protein,Parent Protein Accession,Organism Name,Parent Organism,Parent Organism ID,Epitope Comments,Epitope Relationship,Object Type,Description,Starting Position,Ending Position,Non-peptidic object Accession,Synonyms,Antigen Name,Parent Protein,Organism Name,Parent Organism
"167045","Discontinuous peptide","V216","","","","","","","E2 protein","AEJ18140.1","Frameshifted structural polyprotein","P0DOK1","Chikungunya virus Singapore/11/2008","Chikungunya virus","37124","","","","","","","","","","","",""
"176792","Discontinuous peptide","T101","","","","","","","E1 envelope protein","ACS29297.1","Structural polyprotein","Q8JUX5","Chikungunya virus Singapore/11/2008","Chikungunya virus","37124","","","","","","","","","","","",""
"189936","Discontinuous peptide","A487","","","","","","","structural polyprotein","AGT37250.1","Structural polyprotein","Q8JUX5","Chikungunya virus","Chikungunya virus","37124","","","","","","","","","","","",""
"189937","Discontinuous peptide","Y394, F409, V438, G439, T441, D442","","","","","","","structural polyprotein","AGT37250.1","Structural polyprotein","Q8JUX5","Chikungunya virus","Chikungunya virus","37124","","","","","","","","","","","",""
"236399","Discontinuous peptide","H398, I399, H424, M496, Q520, T521, Y524, C526, G534, T537, N556, K558","","","","","","","structural polyprotein","NP_690589.2","Structural polyprotein","Q8JUX5","Chikungunya virus","Chikungunya virus","37124","IM-CKV065 binds CHIKV E2 Domain A, E2 Arch 1, E2 Domain B, and E2 Arch 2.","","","","","","","","","","",""
"236400","Discontinuous peptide","A487","","","","","","","Structural polyprotein","Q8JUX5.3","Structural polyprotein","Q8JUX5","Chikungunya virus strain S27-African prototype","Chikungunya virus","37124","","","","","","","","","","","",""
"236401","Discontinuous peptide","E349, G380, W389, K391, R405, I446","","","","","","","Structural polyprotein","Q8JUX5.3","Structural polyprotein","Q8JUX5","Chikungunya virus strain S27-African prototype","Chikungunya virus","37124","","","","","","","","","","","",""
"236402","Discontinuous peptide","M592, W898, N909","","","","","","","Structural polyprotein","Q8JUX5.3","Structural polyprotein","Q8JUX5","Chikungunya virus strain S27-African prototype","Chikungunya virus","37124","","","","","","","","","","","",""
"236403","Discontinuous peptide","Q471, G892, Y894, F896, D906, T1037, V1038","","","","","","","Structural polyprotein","Q8JUX5.3","Structural polyprotein","Q8JUX5","Chikungunya virus strain S27-African prototype","Chikungunya virus","37124","","","","","","","","","","","",""
"236404","Discontinuous peptide","W898, N909","","","","","","","Structural polyprotein","Q8JUX5.3","Structural polyprotein","Q8JUX5","Chikungunya virus strain S27-African prototype","Chikungunya virus","37124","","","","","","","","","","","",""
"420680","Discontinuous peptide","E349, G380, W389, K391, R405, I446","","","","","","","structural polyprotein","NP_690589.2","Structural polyprotein","Q8JUX5","Chikungunya virus","Chikungunya virus","37124","IM-CKV063 binds the CHIKV E2 Domain A region.","","","","","","","","","","",""
"420681","Discontinuous peptide","H398, I399, Q520, T521, T537, N556, K558","","","","","","","structural polyprotein","NP_690589.2","Structural polyprotein","Q8JUX5","Chikungunya virus","Chikungunya virus","37124","IM-CKV064 binds the CHIKVE2 Domain A, E2 Domain B and E2 Arch 2.","","","","","","","","","","",""
"420682","Discontinuous peptide","M592, W898, N909","","","","","","","structural polyprotein","NP_690589.2","Structural polyprotein","Q8JUX5","Chikungunya virus","Chikungunya virus","37124","IM-CKV061 binds the CHIKVE1 Fusion Loop and E2 Arch 2.","","","","","","","","","","",""
"420683","Discontinuous peptide","Q471, G892, Y894, F896, D906, T1037, V1038","","","","","","","structural polyprotein","NP_690589.2","Structural polyprotein","Q8JUX5","Chikungunya virus","Chikungunya virus","37124","IM-CKV064 binds CHIKV  E2 Domain A, E2 Domain B, and E2 Arch 1.","","","","","","","","","","",""
"420684","Discontinuous peptide","W898, N909","","","","","","","structural polyprotein","NP_690589.2","Structural polyprotein","Q8JUX5","Chikungunya virus","Chikungunya virus","37124","IM-CKV057 binds the CHIKV E1 Fusion Loop region.","","","","","","","","","","",""
"420685","Discontinuous peptide","Y394, F409, V438, G439, T441, D442","","","","","","","structural polyprotein","NP_690589.2","Structural polyprotein","Q8JUX5","Chikungunya virus","Chikungunya virus","37124","E8 binds the CHIKV E2 Domain A.","","","","","","","","","","",""
"420686","Discontinuous peptide","Y860, V987, G1007, P1046, G1048","","","","","","","structural polyprotein","NP_690589.2","Structural polyprotein","Q8JUX5","Chikungunya virus","Chikungunya virus","37124","IM-CKV098 binds CHIKV E1 Domain II.","","","","","","","","","","",""
"434425","Discontinuous peptide","D385, R393, G423, H495, M496, K558, K559","","","","","","","Structural polyprotein","Q8JUX5.3","Structural polyprotein","Q8JUX5","Chikungunya virus strain S27-African prototype","Chikungunya virus","37124","","","","","","","","","","","",""
"434426","Discontinuous peptide","D388, W389, T390, R405, I446, A487, N518","","","","","","","Structural polyprotein","Q8JUX5.3","Structural polyprotein","Q8JUX5","Chikungunya virus strain S27-African prototype","Chikungunya virus","37124","","","","","","","","","","","",""
"434427","Discontinuous peptide","D499, R523, Y524, K540","","","","","","","Structural polyprotein","Q8JUX5.3","Structural polyprotein","Q8JUX5","Chikungunya virus strain S27-African prototype","Chikungunya virus","37124","","","","","","","","","","","",""
"434428","Discontinuous peptide","D575","","","","","","","Structural polyprotein","Q8JUX5.3","Structural polyprotein","Q8JUX5","Chikungunya virus strain S27-African prototype","Chikungunya virus","37124","","","","","","","","","","","",""
"434429","Discontinuous peptide","E349, D442, I446","","","","","","","Structural polyprotein","Q8JUX5.3","Structural polyprotein","Q8JUX5","Chikungunya virus strain S27-African prototype","Chikungunya virus","37124","","","","","","","","","","","",""
"434430","Discontinuous peptide","G578","","","","","","","Structural polyprotein","Q8JUX5.3","Structural polyprotein","Q8JUX5","Chikungunya virus strain S27-African prototype","Chikungunya virus","37124","","","","","","","","","","","",""
"434431","Discontinuous peptide","H343","","","","","","","Structural polyprotein","Q8JUX5.3","Structural polyprotein","Q8JUX5","Chikungunya virus strain S27-African prototype","Chikungunya virus","37124","","","","","","","","","","","",""
"434432","Discontinuous peptide","H387, W389, D442","","","","","","","Structural polyprotein","Q8JUX5.3","Structural polyprotein","Q8JUX5","Chikungunya virus strain S27-African prototype","Chikungunya virus","37124","","","","","","","","","","","",""
"434433","Discontinuous peptide","H387, W389, R393, H424, D442, I580","","","","","","","Structural polyprotein","Q8JUX5.3","Structural polyprotein","Q8JUX5","Chikungunya virus strain S27-African prototype","Chikungunya virus","37124","","","","","","","","","","","",""
"434434","Discontinuous peptide","I515, R523, Y524, G534, L535, T537","","","","","","","Structural polyprotein","Q8JUX5.3","Structural polyprotein","Q8JUX5","Chikungunya virus strain S27-African prototype","Chikungunya virus","37124","","","","","","","","","","","",""
"434435","Discontinuous peptide","M496, Q509, I515, N518, V522, R523, Y524, G534, L535, K540, K559, V567, I580","","","","","","","Structural polyprotein","Q8JUX5.3","Structural polyprotein","Q8JUX5","Chikungunya virus strain S27-African prototype","Chikungunya virus","37124","","","","","","","","","","","",""
"434436","Discontinuous peptide","R361, H387, R405, Q471, E490, E491, N556, D575, H581","","","","","","","Structural polyprotein","Q8JUX5.3","Structural polyprotein","Q8JUX5","Chikungunya virus strain S27-African prototype","Chikungunya virus","37124","","","","","","","","","","","",""
"434437","Discontinuous peptide","R405","","","","","","","Structural polyprotein","Q8JUX5.3","Structural polyprotein","Q8JUX5","Chikungunya virus strain S27-African prototype","Chikungunya virus","37124","","","","","","","","","","","",""
"434438","Discontinuous peptide","R405, T441","","","","","","","Structural polyprotein","Q8JUX5.3","Structural polyprotein","Q8JUX5","Chikungunya virus strain S27-African prototype","Chikungunya virus","37124","","","","","","","","","","","",""
"434439","Discontinuous peptide","T383, D384, D385, R393, D396, I399, D402, T516, N518, K559","","","","","","","Structural polyprotein","Q8JUX5.3","Structural polyprotein","Q8JUX5","Chikungunya virus strain S27-African prototype","Chikungunya virus","37124","","","","","","","","","","","",""
"434440","Discontinuous peptide","W389","","","","","","","Structural polyprotein","Q8JUX5.3","Structural polyprotein","Q8JUX5","Chikungunya virus strain S27-African prototype","Chikungunya virus","37124","","","","","","","","","","","",""
"434441","Discontinuous peptide","W389, D396, R405, T441, D442, I446, N512, I515","","","","","","","Structural polyprotein","Q8JUX5.3","Structural polyprotein","Q8JUX5","Chikungunya virus strain S27-African prototype","Chikungunya virus","37124","","","","","","","","","","","",""
"434442","Discontinuous peptide","W389, T390","","","","","","","Structural polyprotein","Q8JUX5.3","Structural polyprotein","Q8JUX5","Chikungunya virus strain S27-African prototype","Chikungunya virus","37124","","","","","","","","","","","",""
"434443","Discontinuous peptide","V8, Q11","","","","","","","envelope glycoprotein E2","AFD32258.1","Frameshifted structural polyprotein","P0DOK1","Chikungunya virus","Chikungunya virus","37124","","","","","","","","","","","",""
"462266","Discontinuous peptide","N7, V8, K10, A11, D59, D60, H62, E166, V169, M171, G194, T212, H232, K234, W235, R251, K252, G253, K254, I255","","","","","","","E2 protein","AEJ18140.1","Frameshifted structural polyprotein","P0DOK1","Chikungunya virus","Chikungunya virus","37124","","","","","","","","","","","",""
"462267","Discontinuous peptide","N7, V8, K10, A11, R13, K57, T58, D59, D60, S61, D63, K66, H73, M74, P75, A76, D77, V169, M171, N193, G194, Q195, V229, N231, H232, K233, K234, W235, G253","","","","","","","E2 protein","AEJ18140.1","Frameshifted structural polyprotein","P0DOK1","Chikungunya virus","Chikungunya virus","37124","","","","","","","","","","","",""
"462515","Discontinuous peptide","F6, N7, V8, Y9, K10, T12, T58, D59, D60, S61, H62, N193, G194, Q195, H232, K234","","","","","","","E2 protein","AEJ18140.1","Frameshifted structural polyprotein","P0DOK1","Chikungunya virus","Chikungunya virus","37124","","","","","","","","","","","",""
"462516","Discontinuous peptide","K200, G204, G205, S206, E208, K215, V216, I217, N218, N219","","","","","","","E2 protein","AEJ18140.1","Frameshifted structural polyprotein","P0DOK1","Chikungunya virus","Chikungunya virus","37124","","","","","","","","","","","",""
"474452","Discontinuous peptide","M102, Q115, I121, N124, V128, R129, Y130, G140, L141, K146, K165","","","","","","","envelope protein E2, partial","AKS36873.1","Structural polyprotein","Q8JUX5","Chikungunya virus","Chikungunya virus","37124","","","","","","","","","","","",""
"474460","Discontinuous peptide","R11, T47","","","","","","","envelope protein E2, partial","AKS36873.1","Structural polyprotein","Q8JUX5","Chikungunya virus","Chikungunya virus","37124","","","","","","","","","","","",""
"490058","Discontinuous peptide","E35, G66, W75, K77, R91, I132","","","","","","","E2","AHK22774.1","Frameshifted structural polyprotein","P0DOK1","Chikungunya virus","Chikungunya virus","37124","The epitope residues were previously determined in the cited reference: Fong et al. (2014) J Virol 88: 14364-79 [PMID: 25275138].","","","","","","","","","","",""
"490059","Discontinuous peptide","W75, G106, A173","","","","","","","E2","AHK22774.1","Frameshifted structural polyprotein","P0DOK1","Chikungunya virus","Chikungunya virus","37124","Partial epitope residues were previously determined in the cited reference: Selvarajah et al. (2013) PLoS Negl Trop Dis 7: e2423 [PMID: 24069479].","","","","","","","","","","",""
"956298","Discontinuous peptide","K233","","","","","","","E2 protein","AEJ18140.1","Frameshifted structural polyprotein","P0DOK1","Chikungunya virus","Chikungunya virus","37124","","","","","","","","","","","",""
"956299","Discontinuous peptide","N231, K233","","","","","","","E2 protein","AEJ18140.1","Frameshifted structural polyprotein","P0DOK1","Chikungunya virus","Chikungunya virus","37124","","","","","","","","","","","",""
"956300","Discontinuous peptide","A286","","","","","","","E1 envelope protein","ACS29297.1","Structural polyprotein","Q8JUX5","Chikungunya virus","Chikungunya virus","37124","","","","","","","","","","","",""
"956301","Discontinuous peptide","R289","","","","","","","E1 envelope protein","ACS29297.1","Structural polyprotein","Q8JUX5","Chikungunya virus","Chikungunya virus","37124","","","","","","","","","","","",""
"1310235","Discontinuous peptide","S193, Q194, Q195, S196, G197, N198, N230, C231, K232","","","","","","","E2","AHK22774.1","Frameshifted structural polyprotein","P0DOK1","Chikungunya virus","Chikungunya virus","37124","The epitope residues were calculated from [PDB: 6W09] as the antigen residues at 4&Aring; atomic distance from the antibody.","","","","","","","","","","",""
"1864073","Discontinuous peptide","K861, V863, I864, K870, G892, V893, Y894, M897, Y902, F904, N909","","","","","","","Structural polyprotein","Q8JUX5.3","Structural polyprotein","Q8JUX5","Chikungunya virus","Chikungunya virus","37124","","","","","","","","","","","",""
"1864074","Discontinuous peptide","W898, G900, N909","","","","","","","Structural polyprotein","Q8JUX5.3","Structural polyprotein","Q8JUX5","Chikungunya virus","Chikungunya virus","37124","","","","","","","","","","","",""
